{
  "IcoMoonType": "selection",
  "icons": [
    {
      "icon": {
        "paths": [
          "M927.795 167.475c-15.104-13.107-97.587-88.627-112.998-101.939-15.309-13.261-38.707-14.336-56.422-14.336h-492.749c-17.664 0-41.062 1.075-56.422 14.336-15.411 13.312-97.894 88.883-112.998 101.939-15.206 13.107-27.802 32.922-23.757 61.030 4.045 28.211 96.768 699.443 99.174 715.418 2.355 15.923 16.282 28.518 33.178 28.877h614.4c16.896-0.358 30.822-12.954 33.178-28.928 2.406-15.923 95.13-687.206 99.226-715.418 3.994-28.058-8.602-47.872-23.808-60.979zM512 613.018c-166.298 0-201.882-235.315-209.254-283.802h94.054c14.131 70.707 46.285 191.693 115.2 191.693s101.12-120.986 115.2-191.693h94.106c-7.424 48.486-43.008 283.802-209.306 283.802zM162.304 205.107l93.696-102.707h512l93.696 102.707h-699.392z"
        ],
        "attrs": [],
        "isMulticolor": false,
        "isMulticolor2": false,
        "tags": [
          "shopping-bag"
        ],
        "grid": 20
      },
      "attrs": [],
      "properties": {
        "id": 274,
        "order": 9,
        "prevSize": 20,
        "code": 59648,
        "name": "shopping-bag"
      },
      "setIdx": 0,
      "setId": 4,
      "iconIdx": 273
    }
  ],
  "height": 1024,
  "preferences": {
    "showGlyphs": true,
    "showQuickUse": true,
    "showQuickUse2": true,
    "showSVGs": true,
    "fontPref": {
      "prefix": "icon-",
      "metadata": {
        "fontFamily": "icomoon"
      },
      "metrics": {
        "emSize": 1024,
        "baseline": 6.25,
        "whitespace": 50
      },
      "embed": false,
      "autoHost": true
    },
    "imagePref": {
      "prefix": "icon-",
      "png": true,
      "useClassSelector": true,
      "color": 0,
      "bgColor": 16777215,
      "classSelector": ".icon",
      "name": "icomoon"
    },
    "historySize": 50,
    "showCodes": true,
    "gridSize": 16,
    "quickUsageToken": {
      "bag": "MThkZWVmYWZlNjI3ZjhkMTMxZDFiN2RiZGM5YThmZjkjMSMxNTUxMTY4MjU5IyMj"
    }
  }
}